word,count
there,138
is,635
something,60
extraordinarily,1
exciting,9
about,191
good,71
academic,7
education,39
nowhere,2
this,336
seen,14
more,162
clearly,6
than,123
at,233
harvard,164
as,363
teachers,4
here,100
we,525
all,222
get,68
used,18
to,1752
astonishing,4
brightness,1
even,99
before,36
you,677
have,415
asked,17
your,218
question,25
student,10
proceeds,2
answer,18
it,532
explaining,1
modestly,1
that,958
her,34
may,72
left,21
room,9
for,470
doubt,8
going,62
on,311
addperhaps,1
not,340
so,214
modestlythat,1
the,2785
questions,17
chose,4
ask,21
indeed,13
cultivation,1
of,1664
doubts,18
and,1722
sharpening,1
are,257
an,183
integral,2
part,30
university,38
its,137
importance,9
lies,12
partly,2
in,1149
close,5
connection,10
between,36
science,14
doubting,1
francis,2
bacon,4
distinguished,8
two,45
different,30
contributions,5
can,176
make,91
his,53
essay,1
advancement,1
learning,8
published,7
nearly,12
years,145
ago,50
registering,1
proposing,1
has,164
a,1120
double,2
use,39
said,57
one,200
straightforward,3
guards,1
us,149
against,24
errors,1
second,34
argued,4
involved,5
role,16
initiating,1
furthering,1
process,7
inquiry,2
which,91
effect,4
enriching,1
our,262
investigations,1
issues,14
would,143
been,133
passed,4
by,199
lightly,2
without,41
intervention,3
noted,4
end,38
up,97
being,42
attentively,1
carefully,3
observed,2
precisely,2
because,128
constructive,3
value,13
applies,5
only,83
studies,3
general,13
but,336
also,73
assessment,1
public,31
policy,8
take,46
current,7
debates,5
globalization,11
active,1
recent,9
yearsnot,1
just,118
seattle,1
or,187
washington,18
dc,5
less,17
organized,1
protestations,1
bangkok,1
jakarta,1
mexico,5
city,15
abidjan,1
elsewhere,5
case,17
global,43
trade,14
worldwide,6
modern,7
technology,21
finance,3
strongvery,1
strong,11
yet,29
cannot,26
begin,15
understand,22
intellectual,8
content,1
these,82
disputes,1
addressing,2
reasons,10
inspire,2
disputations,1
unfortunately,3
frequently,4
encounter,4
dialogue,2
deaf,2
those,83
who,169
blame,4
evils,2
ready,3
turn,19
their,138
into,60
indictments,1
propose,2
summary,2
rejection,5
then,58
translated,1
oversimple,1
slogans,3
other,89
side,12
believe,22
antiglobalization,2
rhetoric,4
ill,7
founded,3
tend,3
immediately,4
dismiss,3
foolishor,1
worse,4
sides,3
face,16
each,35
like,98
ships,2
passing,4
night,11
both,24
opponents,2
see,57
new,89
folly,2
neither,6
particularly,8
nor,7
largely,4
intensification,1
processes,2
interaction,1
involving,3
travel,5
migration,3
dissemination,1
knowledge,12
shaped,1
progress,17
world,198
over,43
millennia,3
polar,2
opposite,1
persistent,2
separatism,1
relentless,2
autarky,1
worrying,2
image,2
seclusion,1
arrestingly,1
invoked,2
many,90
old,37
sanskrit,2
texts,2
india,12
i,1083
know,111
four,16
such,36
beginning,17
half,16
undoubtedly,4
references,3
same,37
concern,4
story,24
frog,1
lives,56
whole,12
life,88
within,16
well,60
suspicious,1
everything,14
outside,6
kupamandukathe,1
wellfroghas,1
view,16
entirely,3
confined,3
scientific,14
cultural,3
economic,29
history,31
very,63
limited,3
had,205
lived,8
wellfrogs,4
important,20
issue,9
since,43
plenty,2
around,28
course,33
attorneys,1
immediate,5
point,24
however,15
extensive,1
evidence,19
economy,17
actually,16
brought,12
prosperity,9
areas,1
globe,9
productive,2
integration,1
scarcely,1
be,369
denied,3
recognize,6
enormous,6
inequalities,4
exist,8
across,22
often,18
country,57
relations,3
come,57
from,227
ends,5
they,177
sense,26
doubtsnot,1
assortment,1
local,8
opposition,3
examine,2
manifest,2
disparities,2
give,38
political,22
salience,1
what,222
needed,12
positive,3
market,12
mechanism,2
generating,1
income,3
wealth,6
recognition,4
work,52
institutions,16
need,44
power,46
protection,7
provided,5
democratic,10
practice,3
civil,10
human,38
rights,21
free,31
open,14
media,15
facilities,2
basic,9
healthcare,3
safety,6
nets,1
provisions,2
womens,2
freedom,29
rightsa,1
neglected,1
area,2
now,133
receive,5
attention,12
deserves,3
let,43
me,208
few,30
quick,2
examples,7
first,95
wellfunctioning,1
does,20
obviate,2
democracy,18
latter,1
people,163
live,26
way,76
bossed,1
allow,10
voice,15
demand,8
interests,9
ignored,1
fact,33
no,119
famine,1
ever,36
occurred,2
with,305
press,21
regular,3
elections,4
rudimentary,1
illustration,1
surprising,1
became,13
much,87
stronger,9
east,12
southeast,1
asia,4
crisis,22
developed,4
spread,7
albert,1
hirschman,1
discussed,2
alternative,3
exit,1
conflict,13
fostering,1
democracies,2
quite,16
capitalist,1
show,24
distinct,2
preference,1
orderly,1
autocracies,1
adversarial,1
politics,14
governance,2
activist,2
ability,10
participate,4
radically,1
influenced,1
social,13
arrangements,3
microcredit,1
land,5
reform,3
policies,10
furthermore,2
sharing,1
benefits,9
depends,2
prosperous,2
countries,31
deprivation,1
disadvantaged,2
groups,5
united,42
states,38
example,14
african,16
americans,17
claimed,3
though,13
group,11
poorer,1
american,29
whites,2
typically,2
times,36
richer,4
developing,5
per,1
head,10
terms,17
probability,1
surviving,1
mature,1
ages,3
fall,9
behind,20
population,5
third,10
regions,1
including,11
substantial,1
parts,1
china,9
put,18
exclusively,1
death,9
violence,10
higher,14
mortality,3
rate,5
continues,2
beyond,16
when,172
any,40
real,19
difference,19
lack,5
medical,5
insurance,1
play,14
breakdown,1
innercity,2
unprecedented,2
boom,1
enjoyed,3
resolved,2
problems,11
overwhelming,2
empowerment,3
through,44
schooling,1
employment,1
opportunities,12
et,2
cetera,1
most,83
farreaching,3
effects,6
allmen,1
women,23
children,33
reduces,1
child,4
cuts,1
down,43
health,14
hazards,1
adults,1
arising,1
low,2
birth,3
weight,2
increases,2
range,2
effectiveness,1
influential,2
growth,10
moderating,1
fertility,4
rates,4
influence,5
halving,2
bangladesh,1
decades,21
while,21
some,86
districts,1
high,20
others,47
gender,3
equity,3
already,24
lower,3
britain,2
reach,8
astonishingly,1
large,5
related,2
great,80
john,8
kenneth,1
galbraith,1
made,45
forcefully,2
assessed,1
countervailing,2
exercise,6
another,29
asymmetric,1
domain,2
checked,1
configuration,1
forces,16
thisand,1
morewas,1
galbraiths,1
book,15
capitalism,2
remember,43
reading,16
college,46
calcutta,1
coffee,3
house,24
trying,18
resist,3
evicted,1
waiter,1
unreasonable,2
ground,6
could,81
hog,1
chair,2
finish,4
entire,8
consuming,1
cup,2
occasion,7
got,31
using,6
my,380
determined,5
immovability,1
institutional,9
balance,5
distribution,1
relates,1
closely,1
plurality,1
basis,5
includes,4
among,13
organization,5
bank,4
international,18
monetary,1
fund,3
necessary,6
reexamine,1
running,7
architecture,3
present,7
was,461
set,12
middle,12
s,18
understanding,6
needs,12
interpreted,1
bretton,2
woods,2
conference,3
held,13
war,42
coming,10
framework,2
did,58
help,25
foster,1
development,17
distributional,1
equityeither,1
sphere,1
bulk,2
africa,19
still,36
under,14
colonial,1
rule,5
kind,20
tolerance,5
insecurity,1
poverty,15
greater,11
west,10
emerged,5
massive,5
depression,6
destructive,2
little,39
huge,3
prospects,3
today,89
existing,6
substantive,1
followed,4
principal,1
big,31
changes,7
priorities,1
involvement,2
security,17
address,29
fully,5
nations,22
forcing,1
concerns,4
un,7
kept,9
state,23
financial,8
precariousness,1
member,6
failing,3
pay,10
dues,1
attempt,2
politicians,6
illjudged,1
attacks,5
functioning,1
best,31
molehill,1
out,107
mountain,2
economics,4
gets,5
support,13
debate,9
ultimately,5
efficiency,3
markets,2
rather,14
inequality,6
significantly,1
conflicting,2
depending,2
indicators,1
absolutely,3
clear,24
far,18
willing,4
accept,12
were,135
reflect,5
mood,1
extent,1
equivalent,4
withinnation,1
protests,3
familiar,5
time,107
common,20
spirit,8
songa,1
variant,1
defiant,1
verse,2
composed,1
originally,1
leadbelly,1
home,13
brave,3
will,188
bourgeoisie,1
quarters,1
dissimilar,1
styles,1
disparate,1
grumbles,1
difficult,15
reject,1
criticisms,1
right,52
rejectable,1
points,3
should,56
repulsed,1
despite,4
confront,5
manifestations,1
phase,1
infancy,2
english,5
friend,9
mine,7
told,30
after,47
visiting,2
he,124
struck,1
language,12
commerce,2
gone,11
candy,1
shop,3
delhi,2
buy,2
sweets,1
found,15
glass,2
jars,1
full,8
candies,1
prominently,1
displayed,2
described,5
contents,1
bold,4
letters,5
superior,2
inferior,2
plain,3
speaking,161
expected,6
jar,1
called,19
standard,6
growing,11
intolerance,3
draw,3
similar,6
inclination,1
react,2
disparitiesnot,1
affluence,1
looked,7
appears,2
intolerable,1
imposition,1
inferiority,3
hundreds,9
millions,25
validate,1
placards,1
posters,1
invitation,4
become,25
critical,4
examination,1
initiatives,1
holiday,1
scrutiny,2
answering,1
deciding,5
ignore,4
voices,5
concernand,1
humanity,9
bacons,1
words,26
broader,2
pass,8
significance,3
themes,1
theses,1
critically,1
form,11
ultimate,5
neglect,2
back,47
came,41
start,21
find,40
yorker,3
reference,1
article,4
written,9
quote,9
last,54
century,13
persons,7
age,28
thinking,18
how,110
things,54
turned,9
badly,2
returned,5
assorted,1
services,1
ended,5
peace,19
resumed,1
perhaps,18
remembered,5
widely,2
thought,31
summon,1
optimism,6
surprise,5
beloved,1
colleague,3
nathan,1
glazer,2
revered,1
david,8
riesman,2
wrote,17
america,21
chance,14
seemed,8
surmounted,1
realistically,1
think,54
stability,6
above,12
law,43
looking,12
fortunate,4
leaders,12
preserved,1
measure,7
extended,2
totalitarianism,2
defeated,2
contrary,4
totalitarians,1
controlled,1
eurasia,1
learn,17
days,13
nagasaki,1
soviets,1
established,6
special,5
committee,7
create,21
weapon,1
atomic,2
bomb,5
acquired,2
espionage,3
hydrogen,1
own,83
doing,19
cold,8
summer,5
interludes,1
finally,14
collapse,2
soviet,11
union,10
if,132
once,21
again,26
small,15
acts,5
terror,4
south,11
lead,28
cataclysm,1
sarajevo,1
powers,3
mindful,2
preparing,5
eras,1
overlapping,1
reacts,2
mass,8
murder,2
prepares,2
do,188
consider,11
endured,3
response,7
happens,3
man,21
detonated,1
nuclear,11
device,1
sent,5
prime,7
minister,5
indira,1
gandhi,1
statement,4
anything,20
regret,3
nothing,22
done,20
happen,8
populous,1
nation,19
earth,8
leave,13
itself,11
disarmed,1
disregarded,1
nonnuclear,1
appeared,5
leaving,6
speak,25
official,5
twenty,6
opined,1
moghul,1
command,2
islamabad,1
weapons,10
kashmir,1
punjab,1
dare,2
she,52
agreed,3
murdered,3
garden,1
next,20
son,6
successor,1
suicide,2
bomber,1
accumulated,1
poised,1
standing,10
trinity,1
site,3
los,3
alamos,1
j,1
robert,3
oppenheimer,1
pondered,1
ancient,4
text,3
lord,1
shiva,1
declares,1
am,54
shatterer,1
worlds,16
least,17
limits,3
capacity,10
foresee,1
events,9
senate,5
observer,1
negotiations,3
geneva,2
foreign,12
treaty,3
having,18
signed,2
ratification,1
moment,20
mischief,1
remarked,1
superb,1
negotiators,1
them,96
negotiate,2
document,1
confidently,1
locate,1
map,3
exchanged,1
lisbon,2
protocol,1
sounded,1
humphrey,1
bogart,1
movie,13
hard,28
intelligence,10
anticipated,1
implosion,1
cite,2
stansfield,1
turner,2
former,7
director,4
cia,2
affairs,1
gloss,1
enormity,1
failure,22
forecast,1
magnitude,1
crisisthe,1
corporate,2
missed,2
mile,1
russia,2
faces,4
nearpermanent,1
midcentury,1
decline,2
million,14
immigrants,6
dares,1
happened,9
materials,2
scattered,1
zones,2
admiral,1
turners,1
entitled,5
order,21
later,16
samuel,1
huntington,6
outlined,1
disorder,1
journal,1
clash,5
civilizations,6
subsequent,2
title,1
defining,7
perceives,1
seven,6
eight,5
major,13
cultures,4
islam,5
add,6
japan,3
incorporate,1
nationstate,1
leads,5
fellows,6
suppressed,1
universal,8
widespread,1
merely,7
residual,1
proxy,2
conflicts,4
dating,2
earlier,8
era,6
ethnic,4
horrors,1
occur,2
fault,2
lines,2
arguments,4
sake,6
marxism,1
successful,12
effort,7
westernize,1
rest,7
stood,7
tiananmen,1
square,3
center,10
kingdom,1
otherwise,6
empty,2
space,5
towering,1
masts,1
top,6
giant,1
portraits,1
hirsute,1
th,11
german,160
gentlemen,6
messrs,1
marx,1
engels,1
somewhat,1
mongollooking,1
stalin,1
mao,1
wasnt,11
didnt,31
hence,1
central,3
problem,22
discordance,1
wests,1
americas,5
efforts,6
promote,2
western,4
culture,7
declining,2
seems,7
must,64
look,32
dread,1
bulletin,1
scientists,6
recently,4
pakistan,1
touched,2
off,22
december,3
terrorist,2
attack,9
indian,1
parliament,3
marks,2
closest,2
cuban,1
missile,1
minutehand,1
doomsday,1
clock,1
dropped,3
minutes,3
midnight,3
moved,6
forward,11
three,24
where,54
started,25
september,7
terrorists,7
able,7
produce,4
destruction,8
separately,1
terrorism,10
nonwestern,2
weak,5
combined,2
month,9
vice,1
president,49
informed,4
tim,1
russert,1
future,42
almost,11
certain,8
matter,16
secretary,3
rumsfeld,1
added,4
act,15
accordingly,3
equal,12
measures,4
audacity,2
precaution,2
regards,1
note,2
readily,2
homeland,2
bureau,1
census,1
lists,1
separate,6
ancestries,1
military,12
gravestones,1
provide,5
emblems,2
religions,2
proportion,2
five,23
schoolage,1
foreignborn,1
parent,2
bounteous,1
rewards,2
comes,13
descendants,1
bring,8
intensify,1
clashes,2
newly,4
ominous,2
march,2
filled,5
pennsylvania,3
avenue,2
capitol,1
grounds,1
marchers,1
main,1
palestinian,1
cause,9
fair,17
enough,21
every,74
feet,2
sign,1
proclaiming,1
zionism,1
equals,1
racism,2
placard,1
swastika,1
alongside,1
star,4
poisonous,1
place,28
discourse,1
hateful,2
equation,2
twopart,1
series,3
pravda,1
moscow,1
agit,1
prop,1
murderous,1
israel,1
jews,3
lie,7
mutated,1
vicious,1
antisemitism,6
chilling,1
fills,1
testament,1
amendment,9
freedoms,3
permit,1
displays,1
obnoxious,1
fundamental,7
ideals,3
wake,2
fear,17
heinous,1
speech,19
precursor,1
threatens,2
existence,5
sure,16
meet,10
threat,7
better,44
dangers,2
explore,2
organize,1
agencies,3
government,35
detect,1
prevent,5
calamitous,1
action,10
care,8
whatever,9
consistent,1
constitutional,27
design,2
commensurate,1
ways,18
needlessly,1
undermine,3
liberties,3
seek,5
protect,3
suspicion,2
park,5
service,25
really,28
photograph,1
visitor,1
lincoln,2
memorial,3
dont,74
statue,2
liberty,7
compete,2
techniques,1
intrusion,1
exclusion,1
identity,4
cards,1
xray,1
machines,2
clutter,1
plus,1
secrecy,5
discouraging,2
mary,4
graham,2
warns,1
stultifying,1
george,7
writes,3
renders,1
societies,8
susceptible,1
epidemics,1
witnessing,2
outbreak,2
clamor,1
knew,15
advance,5
briefed,1
legitimate,4
prior,4
disposition,1
closed,5
systems,3
share,31
information,12
late,11
army,2
signal,1
corps,16
decoded,1
kgb,1
traffic,1
firm,4
grip,2
agents,2
truman,1
mind,14
omar,1
bradley,1
chairman,2
joint,2
chiefs,1
staff,3
police,4
forms,2
selfdefeating,1
formally,1
estimated,1
gross,1
domestic,4
product,3
germany,9
calculate,1
risks,8
whatifs,1
intriguing,1
recognized,4
weakness,2
budget,2
upon,9
breakup,1
momentous,2
aid,3
program,14
commenced,1
calculated,2
avoided,2
directly,5
balkan,1
classic,1
fewer,3
resources,12
shattered,2
empire,1
define,6
principles,4
stay,6
true,25
keep,19
system,18
possible,29
purposes,1
accessible,1
long,29
continue,8
surely,1
taught,7
enemies,6
too,67
greatest,14
object,2
enmity,1
committed,3
constitution,32
properly,1
understood,6
prohibits,1
force,17
legitimates,1
uphold,3
manner,2
proportional,1
lawful,1
prove,3
norm,2
decency,1
says,10
malignant,1
defying,1
teaching,6
quran,1
struggle,4
path,19
god,5
forbids,1
deliberate,1
killing,3
noncombatants,1
rid,2
heresies,1
say,73
soon,7
christianity,1
heresy,1
follow,8
certainly,7
ourselves,19
rushing,2
armed,2
overseas,1
ignoring,1
allies,2
disillusioning,1
friends,31
narrow,2
survived,1
serve,7
st,4
february,1
academics,3
widest,1
persuasion,1
religious,6
belief,4
number,19
manifesto,1
fighting,6
letter,6
attracted,1
abroad,1
purpose,39
wide,2
socrates,2
augustine,1
franciscus,1
de,1
victoria,2
paul,2
ii,4
martin,3
luther,3
king,6
jr,1
alexander,1
solzhenitsyn,1
declaration,1
affirmed,1
truths,5
pertain,1
distinction,3
beings,4
born,9
dignity,5
shortcomings,2
sins,1
arrogance,2
failings,1
assert,1
bound,3
moral,5
obligation,3
reason,19
careful,1
reflection,2
teach,10
reply,1
evil,4
stop,12
fortyseven,1
c,1
marshall,11
summoned,1
restore,1
whose,18
mad,1
regimes,2
horror,3
statesmanship,1
vision,5
summons,1
urgency,4
civilization,2
die,3
save,12
fight,5
wage,1
guided,2
lesson,6
plan,6
generosity,3
safer,3
invited,6
individual,9
secretarygeneral,3
saying,4
matters,7
want,74
hear,23
believing,4
offers,3
hope,30
stable,2
broadly,1
equitable,1
based,10
generally,4
accepted,3
rules,10
questioned,6
past,18
year,57
reaffirmed,1
strengthened,2
validity,1
rulebased,2
interest,8
especially,14
shrunk,1
openness,3
feature,3
todays,9
makes,17
deadly,1
relatively,2
easy,11
obtain,1
restrain,1
feel,19
vulnerable,4
abide,1
devising,1
applying,1
accommodated,1
decisions,6
reached,4
collectively,3
essence,2
multilateralism,1
founding,2
principle,2
unique,3
feels,1
frame,1
leadership,13
light,7
particular,14
eye,3
finest,1
reconstructing,1
europe,9
announced,3
largerscale,1
truly,12
statesmanlike,1
joined,7
build,13
worked,13
survives,1
essentials,1
achievements,3
played,3
vital,4
inextricably,1
indispensably,1
primacy,1
essential,7
ingredient,1
mix,1
effective,2
instrument,2
progressive,1
change,47
legitimacy,3
gains,2
deployed,1
multilateral,4
pursuit,4
prefer,3
cooperate,2
cooperation,2
views,10
specific,5
values,18
shared,9
whenever,2
approach,11
applied,5
consistently,1
proved,3
winning,1
formula,1
threatened,5
triple,1
challenges,16
leader,4
traditions,5
consist,1
collective,5
solidarity,3
division,2
distrust,1
north,4
looks,2
obvious,7
emerge,2
worry,5
governing,2
might,39
adequate,1
argument,7
iraq,10
compelling,2
circumstances,1
selfdefense,1
attacked,3
decision,10
council,4
post,8
preventive,1
cases,14
cant,17
afford,5
wait,6
till,4
someone,18
combination,4
proliferation,1
rogue,1
dysfunctional,2
challenge,15
never,73
meant,6
pact,1
allowed,11
agreement,2
simply,19
abandon,4
adapt,2
realities,2
answers,8
community,16
acting,6
deal,5
threats,2
justified,1
decides,1
taken,14
appointed,1
panel,4
eminent,1
suggest,2
making,23
expect,4
recommendations,1
wise,2
governments,18
panels,2
governmentsneed,1
ideas,23
sustained,4
pressure,9
internationalists,1
go,42
criteria,2
identifying,1
clearer,2
dealing,2
genocide,1
crimes,4
weakly,1
undersecretarygeneral,1
peacekeeping,2
traumatic,1
experiences,11
bosnia,1
rwanda,4
witness,1
appalling,2
massacres,3
warned,3
seriously,4
unless,5
fulfills,1
responsibility,7
innocent,2
national,23
sovereignty,1
shield,1
carried,3
impunity,1
stand,13
tolerate,2
incite,1
themselves,13
perpetrate,1
humanitarian,2
darfur,3
region,1
sudan,1
thousands,10
villages,3
burnt,1
forced,7
homes,6
insist,1
sudanese,1
authorities,2
neutralize,1
disarm,1
brutal,1
janjaweed,1
militia,1
supplies,1
equipment,1
further,5
delays,1
ensure,4
displaced,2
return,3
pursue,8
renewed,2
delay,2
cost,5
divert,1
away,22
goals,10
reducing,2
extreme,5
worst,5
millennium,2
summit,1
drinking,2
water,5
girls,10
boys,7
primary,2
slashing,1
infant,1
maternal,1
stopping,2
hivaids,1
peoples,13
poor,10
targets,2
debt,7
relief,1
id,12
candidates,1
election,7
priority,4
shall,9
run,12
achieve,9
bitter,2
experience,32
afghanistan,2
secure,4
citizens,2
trapped,2
oppression,1
misery,1
prejudice,1
anger,3
treat,1
faith,12
differs,1
ours,5
suspect,2
muslims,3
commit,2
disguise,1
reaction,3
israeli,2
questioning,2
silenced,2
accusations,3
christians,1
muslim,2
treated,2
religion,6
somehow,2
fifth,3
column,1
imperialism,1
tranquility,1
mutual,3
respect,5
adhere,2
rulebook,1
individuals,8
yes,10
belong,3
choice,9
tests,2
test,5
rich,3
faiths,1
preserve,2
twentyfirst,1
served,4
twentieth,1
enlightened,1
graduates,51
countrys,5
commitment,2
listen,12
assess,1
merits,1
decent,1
strongly,4
supported,2
depend,3
tell,39
fellowcitizens,1
facile,1
stereotypes,1
dynamism,1
society,28
rise,11
grateful,10
proud,14
safe,2
generations,7
improve,6
intact,1
fellow,12
wherever,4
afternoon,9
mr,9
faculty,25
families,9
thank,45
honor,12
event,8
personal,18
interesting,1
footnote,1
harvards,7
professional,13
actor,7
commencement,60
notice,2
specified,1
walks,1
playacting,1
dais,1
choosing,5
thoughtful,1
men,14
selected,1
speaker,13
shown,2
uncharacteristic,1
recklessness,2
actors,3
reputations,1
careers,5
express,3
thoughts,5
whats,6
barely,2
myself,34
reflexive,1
instinct,1
entertain,1
intend,2
offer,6
modest,1
performance,4
remarks,5
aware,2
gravity,1
amount,3
graduation,17
day,62
wisdom,10
kidding,1
profession,4
presuming,1
decided,15
friendly,1
anecdotal,1
conversation,2
class,50
thirtyeight,1
sitting,8
classmates,3
listening,6
touch,4
episodes,1
picaresque,4
journey,6
root,2
therein,1
bet,2
word,10
afraid,11
studying,4
literature,3
recall,2
describe,4
adventure,1
teaches,1
hero,5
lessons,11
apt,2
subject,4
although,9
hesitate,1
dub,1
stumbled,1
dozen,2
considering,1
adventures,4
basically,2
boil,1
succinct,1
phrases,2
creative,11
useful,7
practical,7
generous,8
simple,11
educations,1
concluded,1
graduated,12
shortly,1
thereafter,1
launched,6
game,5
virtually,5
degree,24
secret,3
handy,1
auditioning,1
soap,1
opera,1
potatochip,1
commercial,2
began,22
fold,1
board,21
overseers,12
presumably,2
redress,1
arts,22
poet,2
frost,1
littd,1
equally,4
reckless,2
alumni,16
elected,8
eventually,7
learned,29
typical,1
pattern,3
spent,7
six,9
overseer,4
wondering,2
recalled,2
agenda,4
presumed,1
proposed,2
ad,3
hoc,1
quickly,8
mainly,4
encouragement,1
neil,1
rudenstine,2
created,6
springtime,1
celebration,2
undergraduate,3
activity,2
myra,1
mayman,1
office,9
together,30
rare,4
exhilarating,2
task,7
inventing,1
festival,1
parade,1
saturday,3
campus,12
barbecue,1
yellow,2
tent,1
replicated,1
bigger,8
impossible,4
imagine,13
school,38
assure,2
delivering,3
creation,2
idea,23
medal,9
awarded,3
during,21
alum,2
highlight,1
instances,2
students,48
sometimes,14
artists,6
proposal,3
spring,8
presented,4
jack,1
lemmon,1
delightful,1
openhearted,1
honoree,2
award,2
annually,1
sadly,4
presentation,2
maxine,1
kumin,1
ri,1
planned,1
questionandanswer,1
session,1
conducted,2
audience,6
interested,1
qas,1
auspices,1
splendid,1
performers,1
yearly,2
conversations,3
medalwinning,1
core,3
curriculum,3
none,6
educator,1
dazzling,2
inspiring,5
moments,12
following,4
talking,8
several,6
recipients,2
pet,1
projects,11
initiated,1
went,34
known,16
achieved,2
success,20
fields,2
spotted,1
figured,3
boldly,1
tended,2
stories,25
selfaggrandizement,1
prodded,1
sensible,1
businesslike,1
describing,1
carpentry,1
wellrun,1
meeting,4
qualities,2
formulating,1
knows,3
actions,7
eminently,1
recipient,1
pete,4
seeger,6
thrilled,2
sloop,2
clearwater,2
mid,1
train,3
york,11
upstate,1
sat,4
acquaintance,2
business,19
window,1
hudson,4
river,4
daydreamed,1
aloud,2
building,10
replica,1
sailing,3
vessels,1
goods,2
along,14
route,2
erie,1
canal,1
hundred,6
fifty,9
months,15
astonished,1
approached,3
him,31
raised,6
money,10
petes,2
fanciful,1
pipe,1
dream,7
guess,5
gonna,3
giving,8
concerts,3
cities,4
towns,1
banks,3
taking,16
historical,2
field,2
trips,1
raising,3
consciousness,1
sad,5
polluted,1
ship,2
potent,1
symbol,1
lobbied,1
federal,10
behalf,6
clean,3
remains,7
environmental,1
laws,5
level,9
pollution,1
drastically,1
substantially,1
seegers,1
whim,1
folk,1
singer,1
winner,2
bonnie,2
raitt,2
height,3
sold,1
records,2
won,6
slew,1
grammy,1
awards,3
fender,2
guitars,1
lucrative,2
wanted,23
sell,6
model,10
autographed,1
guitar,5
suited,1
style,1
blues,1
playing,4
answered,3
autograph,1
condition,2
sale,1
seed,1
kids,16
clubs,1
insisted,2
lend,1
venues,2
twelve,2
bonnies,1
bright,1
club,4
music,3
devoted,1
hays,1
theatre,1
mira,1
nair,1
film,14
uganda,2
william,2
christie,1
jardins,1
des,2
voix,1
yoyo,1
ma,1
dmus,1
silk,1
road,4
project,3
marvelous,1
tales,2
lofty,1
ambitious,1
discover,4
lot,19
extravagant,1
im,57
secretly,1
counting,1
perilous,1
suffering,6
deeply,5
troubled,2
youre,30
aiming,1
getting,16
else,12
original,2
aspirations,6
wildly,1
unlikely,3
joy,8
pride,6
took,17
accomplished,3
mingled,1
art,4
artist,1
thing,37
symposia,1
seasons,1
tv,3
sitcom,2
rd,3
rock,3
sun,2
arguably,2
job,14
ive,29
hadpopular,1
highprofile,1
deliriously,1
fun,2
gave,13
opportunity,21
branch,1
retrospect,2
consciously,1
unconsciously,1
annual,1
visits,1
inspired,3
concurrent,1
career,8
explain,3
tiny,1
always,36
entertained,1
sang,1
songs,4
classrooms,1
assemblies,1
performing,3
extremely,2
distractible,1
loved,3
sprawled,1
dressing,1
near,5
sound,3
stage,3
enthusiasm,1
hit,3
magic,6
wand,1
suggestions,1
album,1
sony,2
led,11
childrens,5
carnegie,1
hall,2
symphony,1
orchestras,1
baltimore,2
pittsburgh,1
detroit,1
chicago,1
writing,6
fourth,2
referred,1
bestselling,1
author,3
narration,1
version,3
carnival,1
animals,1
ballet,5
danced,2
elephant,1
goal,10
delighting,1
seeking,2
stir,2
young,31
educate,2
knowing,8
hold,11
fierce,3
conviction,4
indispensable,2
healthy,5
easiest,1
round,4
applause,46
talk,14
stating,2
everywhere,3
foundering,1
assault,1
realized,9
jesuitical,1
zeal,1
mission,7
shape,1
theyre,5
busy,2
working,14
completely,8
hand,11
consulting,1
angeles,2
smart,8
vibrant,3
broadthink,1
intended,4
laugh,2
devised,1
various,2
publishing,2
parents,41
schools,13
spun,1
refined,1
striving,1
connect,8
dots,1
entertainment,3
family,17
nave,1
idealistic,2
enliven,1
minds,13
loosen,1
violent,2
video,6
games,4
imagination,7
funny,3
boos,1
pied,1
piper,1
literacy,1
delighted,4
quixotic,2
chosen,2
expert,1
collaborators,1
perform,4
week,6
broadway,1
sort,4
telephone,1
asking,14
deliver,5
overwhelmed,4
daunted,1
basics,1
plotting,1
reminded,6
dictum,1
tailored,1
heading,2
promised,2
crackpot,1
definitely,2
clearest,1
demarcation,1
childhood,3
adulthood,1
write,7
brand,2
recite,1
fond,1
farewell,1
mouse,3
named,3
mahalia,4
goes,5
circle,3
call,26
tale,5
learns,1
curious,1
excited,8
notion,3
hopefully,1
usefulness,1
extend,4
pouring,1
oil,3
waters,1
roiled,1
divisive,2
controversy,1
semester,1
cheerful,1
turbulence,1
oh,7
manuscript,1
reviewed,1
editor,2
simon,2
schuster,1
publication,10
underway,1
purest,1
gift,5
recitation,1
yours,3
bookstore,1
verso,1
dedicated,3
heart,9
beats,1
hopes,2
contribution,4
brief,2
authors,3
notes,2
mentioned,4
illustrations,1
distinctly,1
setting,1
page,6
dunster,1
rain,4
charles,1
mention,5
news,22
newspaper,4
crimson,3
consultant,1
professor,10
jeremy,1
knowles,1
picture,1
plucky,1
granddaughter,2
sit,8
savor,1
sublime,1
absurdity,1
storybook,1
stanzas,1
rhyming,1
recited,1
congratulations,10
wonderful,10
communications,1
abolished,1
longstanding,4
fairness,4
doctrine,2
required,3
broadcast,3
divergent,2
budgets,1
allotted,1
reporting,4
contracted,1
severely,1
audiences,3
grown,2
older,5
segmentation,1
facts,29
televisions,1
hour,4
jim,4
lehrer,3
fearless,2
lee,1
impartially,1
report,6
analyze,1
depth,3
selfeffacing,1
antithesis,1
infotainment,1
hails,1
heartland,1
wichita,1
kansas,2
schooled,1
beaumont,1
san,2
antonio,1
texas,3
missouri,2
marine,8
newspaperman,1
dallas,1
migrated,1
television,9
broadcasting,1
covered,4
watergate,2
hearings,1
mcneil,1
macneillehrer,1
evolved,1
newshour,3
lair,2
honored,11
numerous,1
journalism,6
presidential,3
humanities,2
moderated,1
ten,5
nationally,1
televised,1
bush,2
kerry,1
mounts,1
eroding,1
independence,3
standards,6
pressures,1
respected,2
objectivity,1
earned,6
trust,10
viewers,4
welcome,1
dr,8
blair,1
single,17
freshest,1
graduate,13
fresh,2
robe,1
association,2
larry,1
summers,1
everybody,5
associated,2
sir,2
probably,10
impressed,2
rundown,1
aside,3
nine,6
received,6
honorary,8
degrees,8
pledge,2
billion,5
dollars,6
alston,1
austin,1
personally,4
threeyearold,1
olivia,1
hoot,1
holler,1
morning,17
folks,2
nervous,2
bus,8
heard,19
background,7
ticket,1
agent,1
continental,2
trailways,3
depot,1
duties,1
microphone,2
please,14
pm,1
silversides,1
air,4
conditioned,1
liner,1
houston,2
living,10
lane,1
wall,16
piranhas,1
theyll,3
kimbo,1
pierce,1
wharton,1
honda,1
pretend,2
rosenberg,1
richmond,1
sugar,1
stafford,1
aboard,1
forget,10
baggage,1
thats,39
happening,3
try,13
include,3
luck,11
wore,2
gaudiest,1
red,9
tie,5
nobody,3
graduating,15
listens,1
speeches,3
wont,6
name,7
maybe,17
awful,2
proven,3
correct,4
wrong,16
paraphrase,1
vague,2
memory,3
yourself,22
thanks,3
nod,2
seat,3
thunderous,1
thankful,3
keeping,2
mans,1
addresses,4
promise,6
line,8
why,31
collaborative,1
enterprise,3
suggested,1
shorenstein,1
kennedy,9
weeks,8
pretty,8
takes,3
talented,2
professionals,2
thus,9
honors,1
guidelines,1
ones,10
behest,1
seminar,1
aspen,1
institute,3
defend,2
cover,1
assume,2
viewer,1
caring,11
person,15
whom,12
assumed,7
private,4
until,12
mandates,1
opinion,5
analysis,2
straight,4
label,1
anonymous,1
sources,3
blind,2
quotes,2
except,3
monumental,1
occasions,2
anonymously,1
youll,3
adopting,1
draft,2
fullest,1
meaning,16
mostly,7
urgent,1
disconnection,2
flow,2
besides,1
ceremony,4
sworn,1
lieutenant,1
infantry,1
officer,1
korean,1
vietnam,4
wars,8
saw,17
combat,1
fired,2
rounds,1
roadside,1
bombs,1
kill,3
marines,5
spared,1
triggered,1
losing,3
control,11
civilized,2
behavior,3
angry,1
barbarism,1
charged,3
lifechanging,1
likely,9
deemed,3
worthy,2
join,6
drafted,2
heroic,2
physique,1
dad,6
brother,7
changed,10
travels,1
restricted,1
eastern,1
oklahoma,1
mode,1
transport,1
buses,1
plane,3
ride,2
california,1
okinawa,1
taiwan,1
philippines,2
essentially,1
aquaintances,1
talked,4
eating,2
sleeping,1
sweating,1
hills,1
spoke,8
larger,2
smaller,7
smarter,2
dumber,1
wouldnt,4
hurt,3
fly,1
deserve,2
flies,1
diverse,1
company,7
responsible,2
dependent,2
satisfaction,3
mirror,1
serving,6
self,5
connected,7
permanent,2
connecting,6
connections,2
journalist,6
disconnected,2
splintering,1
segments,1
lobbies,1
target,2
blogs,1
boxes,1
racial,3
differences,5
strengths,2
larrys,1
brilliantly,1
feeding,1
seem,6
encouraging,1
terrific,2
explosion,1
outlets,5
helping,7
facilitate,1
dose,2
drifted,1
katrina,3
hands,9
relative,2
killed,5
wounded,3
raise,4
direct,5
sustain,1
tremendous,1
manmade,1
natural,6
disaster,3
submit,1
mean,13
teacher,2
conservation,2
hospital,3
tutor,1
sister,1
coping,1
pick,2
trash,1
table,5
asst,1
framing,1
discussion,6
mandatory,1
exemptions,1
deferments,1
everyone,34
serves,1
apply,3
physical,1
sizes,1
abilities,2
included,3
parameters,1
involve,1
constructed,2
choices,5
civilian,2
wishes,1
partnership,2
governmental,1
tied,2
gi,1
bill,9
type,5
earns,1
addition,1
soul,4
argue,4
compared,3
politically,3
voluntary,4
result,10
observation,1
cheaper,1
serious,8
causing,1
heightening,1
disconnections,1
involves,5
alums,1
volunteer,5
kinds,4
operation,2
nonmilitary,2
volunteerism,1
welleducated,2
welloff,1
majority,7
position,2
internships,1
weekend,2
rebuild,2
orleans,2
indonesia,1
tutoring,1
lowincome,1
moines,1
food,5
shelter,1
devastated,2
biloxi,1
stark,1
vast,2
voluntarily,1
reporter,4
intervening,2
bottom,3
conclusion,3
passionately,1
benefit,3
frank,1
responsibilities,2
joys,2
satisfactions,2
lifting,4
collateral,1
option,1
complicate,1
presidents,4
congresses,1
spouses,1
potential,9
combatants,1
loop,1
experts,2
pundits,2
generals,1
explanations,1
justifications,1
harder,2
invade,1
terrible,4
wringing,1
referendum,1
forth,3
rendering,1
message,9
urging,4
members,35
administration,6
theme,2
risk,13
riskfilled,1
phone,5
rings,2
male,2
lera,1
hmm,1
mmhmm,1
street,3
anyhow,1
mom,2
sunglasses,1
frames,2
plastic,4
tubes,1
color,2
bb,1
white,3
blue,2
pink,1
cbs,1
tomorrow,7
demonstrating,1
youd,3
changing,6
awake,1
decide,6
fine,3
simplify,1
record,7
universitys,5
website,2
popular,4
novelist,2
screenwriter,1
playwright,1
means,17
wwwpetlandcom,1
bok,1
incoming,1
faust,16
corporation,6
waiting,5
timely,1
nice,5
resume,1
applaud,1
happy,6
dropout,1
valedictorian,1
failed,6
guy,3
steve,1
ballmer,1
drop,1
bad,7
spoken,2
orientation,3
phenomenal,2
fascinating,1
lots,5
classes,3
hadnt,5
dorm,5
radcliffe,2
currier,2
discussing,3
antisocial,1
clung,1
validating,1
gates,6
tecentenary,1
theater,2
exercises,1
guys,4
sciencemath,1
types,1
offered,4
odds,3
improving,4
doesnt,11
guarantee,7
biggest,6
memories,2
january,1
albuquerque,1
begun,3
computers,2
software,4
worried,3
realize,7
hang,2
instead,6
extra,1
credit,6
marked,2
remarkable,4
microsoft,1
midst,1
energy,16
intimidating,1
challenging,2
amazing,2
privilege,6
early,8
transformed,3
friendships,5
awareness,3
inequities,7
condemn,1
despair,2
exposure,1
advances,3
sciences,2
humanitys,1
discoveries,2
reduce,3
inequity,7
whether,17
quality,2
broad,2
highest,4
achievement,7
cheated,1
educational,1
unspeakable,1
disease,7
youve,3
accelerating,2
solve,4
hours,7
donate,1
spend,5
impact,10
saving,7
melinda,3
discussions,3
read,19
dying,4
diseases,6
harmless,1
measles,1
malaria,2
pneumonia,1
hepatitis,1
b,2
fever,1
rotavirus,1
shocked,1
saved,1
medicines,1
dollar,1
interventions,2
werent,1
delivered,1
revolting,2
worth,3
anyone,11
harsh,1
reward,2
subsidize,1
died,9
mothers,2
fathers,1
develop,6
stretch,1
profit,1
taxpayer,1
taxes,1
approaches,2
generate,3
profits,2
votes,1
sustainable,4
openended,3
finished,2
conscious,1
optimistic,2
skeptics,1
claim,10
disagree,5
yard,14
tragedies,1
broke,3
hearts,4
acted,1
barrier,1
complexity,9
solution,4
blocks,3
steps,6
advent,1
internet,4
complex,6
airplane,1
crashes,2
officials,6
investigate,1
determine,6
brutally,1
honest,6
preventable,3
causes,2
percent,16
crash,1
deaths,2
covers,1
stays,1
easier,3
eyes,8
situation,7
step,9
cutting,2
finding,6
solutions,2
anytime,1
asks,2
wasted,1
mark,2
cares,1
runs,5
predictable,1
stages,1
highestleverage,2
ideal,2
meantime,2
smartest,1
application,1
sophisticated,1
drug,3
simpler,2
bednet,1
aids,1
epidemic,1
prevention,3
vaccine,2
gives,5
lifetime,3
immunity,1
companies,4
foundations,3
research,11
decade,9
avoid,2
risky,1
pursuing,3
starts,4
fourstep,1
cycle,2
crucial,4
tuberculosis,1
surrender,2
quit,3
final,9
seeing,3
successes,3
failures,1
statistics,1
vaccinating,1
investment,3
numbers,5
convey,1
affected,2
davos,1
thrill,2
multiply,1
boring,2
couldnt,16
bear,5
striking,3
introducing,1
piece,5
jumping,2
shouting,2
excitement,2
love,14
forever,5
tools,3
cut,5
ongoing,1
innovations,1
biotechnology,1
computer,4
weve,13
sixty,2
assist,1
postwar,1
difficulty,3
radio,2
exceedingly,1
appraisement,1
distance,3
grasp,1
thirty,2
emerging,1
visible,1
distant,1
emergence,1
lowcost,1
powerful,7
network,10
communicating,1
magical,3
collapses,1
neighbor,1
dramatically,2
brilliant,3
scales,2
innovation,4
staggering,1
access,7
relevant,1
hone,1
talents,2
contribute,1
triggering,1
revolution,7
universities,13
corporations,1
organizations,3
hunger,4
desperation,1
collections,1
talent,8
benefactors,1
dedicate,1
intellect,1
request,1
deans,4
professors,13
hire,1
tenure,5
review,1
requirements,1
yourselves,5
solving,1
encourage,1
prevalence,1
scarcity,2
cure,1
privileged,3
rhetorical,3
mother,9
admitted,2
stopped,4
pressing,1
wedding,1
hosted,2
bridal,1
marriage,3
cancer,2
given,10
limit,5
exhort,1
deep,7
specialist,1
focus,6
barriers,2
activists,1
conscience,4
torment,1
sooner,1
carry,2
longer,8
judge,8
accomplishments,1
alone,11
addressed,2
deepest,2
extraordinary,5
honour,1
nausea,1
lose,9
winwin,1
breaths,1
squint,1
banners,1
convince,2
largest,3
gryffindor,1
reunion,2
cast,2
british,1
philosopher,1
baroness,2
warnock,2
reflecting,1
helped,9
enormously,1
turns,6
liberating,1
discovery,4
enables,2
proceed,1
inadvertently,1
promising,1
giddy,1
delights,1
becoming,5
gay,2
wizard,2
joke,1
ahead,9
achievable,1
improvement,3
wracked,1
ought,1
wish,11
expired,1
gathered,2
celebrate,3
threshold,1
extol,1
paradoxical,1
yearold,12
slightly,2
uncomfortable,1
uneasy,1
ambition,2
convinced,2
novels,2
impoverished,1
backgrounds,2
overactive,1
amusing,1
quirk,1
mortgage,1
pension,1
irony,3
strikes,1
cartoon,1
anvil,1
hoped,2
vocational,1
study,9
compromise,2
satisfied,3
languages,1
hardly,4
car,5
rounded,1
corner,4
ditched,1
scuttled,1
classics,5
corridor,4
telling,6
subjects,2
planet,5
greek,3
mythology,1
securing,1
keys,1
executive,1
bathroom,2
parenthesis,1
expiry,1
date,4
blaming,1
steering,1
direction,3
wheel,1
criticise,1
hoping,1
agree,6
ennobling,1
entails,1
stress,1
thousand,7
petty,2
humiliations,1
hardships,1
climbing,1
romanticised,1
fools,1
feared,2
spite,2
motivation,2
bar,3
lectures,3
knack,1
examinations,2
peers,3
dull,1
suppose,3
gifted,1
hardship,1
heartbreak,2
inoculated,1
caprice,1
fates,1
unruffled,1
contentment,1
suggests,1
wellacquainted,1
driven,4
desire,4
conception,1
average,3
flown,1
constitutes,2
eager,1
conventional,2
mere,3
epic,1
scale,3
exceptionally,2
shortlived,1
imploded,1
jobless,1
lone,2
homeless,2
fears,1
usual,1
period,7
dark,5
represented,2
fairy,2
resolution,1
tunnel,1
reality,11
stripping,1
inessential,1
pretending,2
finishing,1
mattered,1
succeeded,2
determination,3
succeed,5
arena,1
believed,7
belonged,1
realised,1
alive,5
daughter,3
adored,1
typewriter,1
solid,1
foundation,3
rebuilt,1
fail,5
inevitable,1
cautiously,1
default,2
inner,2
attained,1
discovered,3
discipline,4
suspected,1
price,2
rubies,1
wiser,1
setbacks,3
survive,2
strength,6
relationships,4
tested,1
adversity,1
painfully,1
qualification,1
happiness,4
checklist,1
acquisition,1
qualifications,2
cv,1
confuse,1
complicated,1
anyones,1
total,1
humility,1
enable,2
vicissitudes,1
rebuilding,1
wholly,2
bedtime,1
gasp,1
uniquely,1
envision,1
therefore,6
fount,1
invention,2
transformative,2
revelatory,1
empathise,2
humans,4
formative,1
preceded,1
harry,3
potter,2
subsequently,1
books,3
revelation,2
earliest,1
jobs,10
sloping,1
lunch,2
paid,2
rent,1
department,4
amnesty,4
internationals,1
headquarters,1
london,1
hastily,1
scribbled,1
smuggled,1
totalitarian,1
risking,1
imprisonment,1
inform,4
photographs,1
disappeared,1
trace,1
desperate,1
testimony,1
torture,2
victims,3
pictures,1
injuries,1
opened,6
handwritten,1
eyewitness,1
accounts,1
trials,1
executions,1
kidnappings,1
rapes,1
coworkers,1
expolitical,1
prisoners,3
fled,2
exile,3
temerity,1
visitors,2
offices,1
victim,2
mentally,1
trembled,1
uncontrollably,1
camera,3
brutality,1
inflicted,1
foot,1
taller,1
fragile,2
escorting,1
underground,2
station,1
afterwards,2
cruelty,1
exquisite,1
courtesy,1
wished,1
walking,2
suddenly,2
hearing,3
door,5
scream,1
pain,2
researcher,1
poked,1
hot,2
drink,1
retaliation,1
outspokenness,1
regime,2
seized,2
executed,1
incredibly,3
democratically,1
legal,2
representation,1
trial,2
humankind,2
inflict,1
gain,2
maintain,2
nightmares,3
literal,2
goodness,2
mobilises,1
tortured,1
imprisoned,3
beliefs,5
empathy,4
leading,6
saves,1
frees,1
ordinary,4
wellbeing,2
assured,1
participation,2
humbling,1
unlike,2
creature,1
experienced,7
places,4
fictional,1
morally,2
neutral,2
manipulate,1
sympathise,1
imaginations,1
choose,8
remain,8
comfortably,1
bounds,1
troubling,1
wonder,5
refuse,3
screams,1
peer,1
inside,5
cages,1
tempted,1
envy,1
spaces,1
mental,1
agoraphobia,1
brings,3
terrors,1
wilfully,1
unimaginative,1
monsters,3
committing,1
outright,1
collude,1
apathy,1
ventured,1
search,4
plutarch,1
inwardly,1
outer,1
expresses,1
inescapable,1
status,3
nationality,2
sets,2
apart,3
remaining,2
superpower,1
vote,8
protest,3
borders,2
burden,6
identify,1
powerless,1
retain,1
advantages,1
godparents,1
trouble,7
sue,1
names,5
eaters,1
affection,1
photographic,1
valuable,2
ran,3
seneca,1
romans,1
met,11
retreat,1
ladders,1
thankyou,1
madame,1
importantly,7
letting,3
speakers,7
jk,2
rowling,2
billionaire,2
graced,1
podium,1
megabillionaire,1
philanthropist,1
nerd,2
brothers,3
gilbert,1
md,1
phd,4
younger,5
morgan,1
nobel,3
prize,6
pleased,2
announcement,1
replied,4
visit,1
disapprove,1
borrowing,1
material,2
previous,3
forgive,2
borrow,2
footsteps,1
ralph,2
waldo,1
emerson,1
stolen,1
ancients,1
picasso,1
declared,3
steal,1
institution,6
rejected,7
chutzpah,1
married,2
dean,13
jean,1
admissions,2
stanford,4
assures,1
showed,5
objected,1
applicants,1
stated,2
unable,2
admission,1
highly,1
selective,1
marketing,2
classical,1
sonata,1
movement,7
lighthearted,1
consists,2
unsolicited,1
advice,8
rarely,1
valued,1
seldom,1
oscar,2
wilde,1
oneself,1
inspirational,1
lessthanbrilliant,1
hallmark,1
liberal,5
key,4
immeasurably,2
hug,2
cultivate,1
bargain,1
advantage,2
collaborations,1
conserved,1
quantity,2
collaboration,1
jimmy,1
stewart,1
elwood,4
p,2
dowd,1
harvey,1
exactly,5
pleasant,2
recommend,1
follows,1
passion,5
short,6
singleminded,1
physicist,3
doc,1
berkeley,6
bell,5
labs,5
physics,2
gray,1
source,4
warm,3
cozy,1
ivory,1
tower,1
considered,1
poppins,1
practically,1
perfect,5
articles,1
journals,1
ted,2
geballe,1
motives,2
enthusiastic,1
unscarred,1
battles,1
textbooks,2
authoritative,1
figure,6
doctoral,1
researchers,2
weekends,1
biophysics,1
ether,1
cyberspace,1
begins,2
dilemma,2
poses,3
arms,3
climate,16
ice,4
measurements,3
rapidly,2
size,5
cap,1
sea,3
rising,4
faster,5
recorded,1
predictions,2
affect,2
due,3
increase,3
carbon,5
dioxide,3
atmosphere,1
industrial,5
warmed,1
roughly,1
celsius,1
approximately,1
built,11
greenhouse,2
gas,1
emissions,2
oceans,1
temperature,2
reaches,1
equilibrium,1
businessasusual,1
intergovernmental,1
predicts,2
fiftyfifty,1
exceed,3
remind,7
colder,1
canada,3
ohio,1
glacier,1
warmer,1
rapid,1
species,2
adapting,1
specter,1
nonlinear,1
tipping,3
severe,1
thawing,1
permafrost,3
contains,2
immense,1
amounts,1
frozen,2
organic,1
accumulating,1
soil,1
melts,1
microbes,1
debris,1
rot,1
biological,1
below,1
freezing,2
edible,1
freezer,1
thawed,1
spoils,1
methane,1
released,4
rotting,1
fraction,1
gases,1
runaway,1
unintended,1
consequence,3
fossil,3
winter,2
cool,1
lit,1
town,4
continents,2
enjoy,2
consume,2
contrast,3
electricity,2
cook,1
twigs,1
dung,1
sight,1
invest,2
mitigate,1
consequences,3
rooted,1
generational,2
welfare,1
hopeful,2
lawrence,1
laboratory,1
enlist,1
battle,6
shortest,1
lab,2
institutes,1
uc,1
obama,11
steer,1
towards,5
doom,1
gloom,1
daunting,1
significant,3
savings,1
lowhanging,1
fruit,2
lying,2
buildings,3
efficient,2
investments,1
fifteen,1
transition,3
revving,1
engine,1
invent,1
improved,2
methods,1
harness,2
wind,6
capture,1
sequester,1
emitted,1
plants,1
advanced,2
biofuels,1
electrification,1
vehicles,1
prices,3
carbonconstrained,1
hockey,1
player,2
wayne,1
gretzky,1
positions,3
himself,4
skates,1
puck,1
laying,2
stake,2
engineers,2
economists,1
options,1
sustainability,1
humanists,3
cruelest,1
ironies,1
poorest,1
coda,1
borrowed,1
ending,3
fitting,1
fellowship,1
lifts,1
neighborly,1
tribe,2
race,5
allembracing,1
unconditional,3
mankind,1
oft,2
misunderstood,2
misinterpreted,1
concept,1
dismissed,2
nietzsches,1
cowardly,1
absolute,5
necessity,1
survival,1
faced,6
confronted,1
unfolding,1
conundrum,1
faulkner,1
banquet,1
facing,4
holocaust,3
endure,2
prevail,1
immortal,1
creatures,2
inexhaustible,1
capable,2
compassion,2
sacrifice,3
endurance,1
poets,1
writers,3
duty,2
reminding,1
courage,11
pity,1
glory,1
passions,1
warmest,1
prosper,1
cambridge,8
theyd,2
crop,2
punch,2
elms,1
crossed,2
paths,2
senior,6
cups,1
thrust,1
diploma,1
shouted,2
educated,1
doctorate,2
shout,3
supreme,10
court,33
judges,13
aligns,1
judicial,3
courts,5
term,2
quickened,1
pace,2
confirmation,1
proceeding,1
latest,1
nominee,2
fill,3
criticism,2
aimed,2
controversial,1
announcing,1
engaging,2
activism,3
intuitively,1
commentary,1
tends,2
miss,3
pause,3
detail,1
conceptions,1
judging,6
underlie,1
compare,1
notions,1
intuitive,1
responses,2
comparisons,1
charges,2
lawmaking,3
novelty,1
impression,2
template,1
claims,4
provision,7
claimant,2
provides,1
entitlement,1
either,9
judgment,5
party,5
contesting,1
fairly,4
viewing,1
objectively,3
ballot,3
seats,3
disposed,1
showing,7
quoting,2
senator,5
interpreting,2
requirement,5
forbid,1
qualify,1
respond,4
usually,2
blood,1
tenuous,1
unrealistic,2
deliberately,1
guarantees,3
searches,1
senators,2
elaborate,1
reasoning,1
explanation,3
scratches,1
surface,1
constitutions,3
stretches,1
tension,4
harmony,1
grocery,1
require,2
tricky,1
picked,1
complete,2
description,1
contract,3
uses,1
draftsman,1
grants,1
june,1
pentagon,2
papers,7
obtained,1
copies,1
classified,1
documents,4
prepared,3
compiled,1
conducting,2
newspapers,3
publish,6
sought,4
forbidding,2
arisen,1
haste,1
traveled,2
doctrines,1
restraint,3
imposing,1
penalty,1
unlawful,1
exchange,4
lawyer,4
appearing,1
colloquy,1
grain,1
sand,1
reveals,1
universe,2
mornings,1
erwin,1
griswold,7
stint,1
solicitor,1
justice,15
black,15
justices,2
cardozo,1
centered,1
congress,7
abridging,2
forbade,1
legislating,1
abridge,1
expression,8
bind,1
remainder,1
professed,1
literally,3
exception,2
prohibition,2
clauses,1
notwithstanding,1
urged,1
irreparable,1
harm,1
contended,1
publications,1
threaten,2
jeopardize,2
recover,1
erode,1
responded,4
suppress,2
censors,1
shot,4
respecting,2
construction,3
wellknown,2
persuade,1
chief,1
lost,7
pointed,1
granted,10
authority,7
manage,2
govern,2
justify,1
dday,1
invasion,1
plans,2
enjoined,1
brennan,1
peacetime,1
expressing,1
paramount,1
fails,4
unfettered,1
explicit,2
approved,2
resolve,3
arises,3
plenary,1
embodies,1
equality,9
paired,1
desires,3
envisioned,2
illegitimate,1
illustrating,1
tensions,2
subtlety,1
famous,6
brown,7
v,3
unanimously,1
segregation,4
imposed,1
unconstitutional,3
violating,2
separatebutequal,1
paradigm,1
plessy,6
ferguson,1
violation,2
railroad,4
physically,4
badge,1
viewed,3
implication,1
segregated,1
inherently,1
unequal,1
exclusive,1
flatout,1
mystifying,1
legally,1
mandated,1
differently,2
cars,3
clue,2
dates,1
results,3
slavery,2
generation,32
formal,1
identical,3
enforced,2
separation,2
unexceptional,1
segregating,1
races,3
predecessors,1
captured,1
descriptions,1
perception,2
objective,5
printed,1
expressed,2
inherent,1
minority,1
apparent,1
violated,1
oaths,1
mandate,2
cross,2
purely,1
plessys,1
assumption,2
sum,1
tried,4
account,4
pantheon,1
uncompromising,1
framers,3
fit,2
resolutions,1
immune,2
rethinking,1
egregiously,1
misses,2
reported,1
judgments,1
approves,1
measurement,1
stuff,3
reflects,2
confidence,4
simplistic,1
devalues,1
diminishes,1
discourage,1
tenacity,2
reluctant,1
promises,1
tempting,1
profess,1
deeper,3
dreams,7
certainty,4
felt,13
longing,1
ambiguity,1
unchangeable,1
longings,1
heartily,1
resisted,1
pronouncement,1
holmes,1
illusion,1
repose,1
destiny,2
token,1
differ,2
critics,1
patent,1
espousing,1
excluding,1
unlawfully,1
scope,2
habeas,1
corpus,1
fundamentally,1
indeterminate,1
uncertain,1
staked,1
formed,2
framed,1
charter,1
uncertainties,2
relying,1
dhs,1
drew,2
gilpin,1
guests,2
ladies,5
alma,2
mater,2
celebrates,1
oldest,1
female,3
storied,1
produced,3
ministers,2
church,10
function,1
spirituality,1
participated,1
junior,3
liberias,6
treasury,1
sponsored,1
planning,1
team,9
advisers,1
liberia,15
challenged,2
quo,1
landed,1
recognizing,1
danger,2
facilitated,1
enabled,2
mason,3
diversified,1
masters,1
preparation,2
interact,2
engaged,1
prestigious,3
stacks,2
blank,1
stares,1
gap,1
contained,2
google,2
scholar,3
exposing,1
frostbite,1
demonstrate,2
achieving,2
profound,2
counted,1
alumna,2
salute,1
heritage,1
excellence,2
truth,34
pleasantly,1
surprised,2
establishment,1
secondoldest,1
funded,2
trustees,2
donations,2
greenleaf,1
founder,1
liberian,6
steady,1
trail,1
liberians,1
dead,2
compliments,1
patience,1
struggled,2
quantitative,1
selfconfidence,2
dangerous,5
jail,3
tall,1
sends,1
woman,3
environment,2
characterized,1
awesome,2
collapsed,1
external,3
arrears,2
destroyed,3
infrastructure,2
regional,2
capital,3
scourge,1
mobilizing,1
partners,2
tackled,2
formulated,1
strategies,1
removed,1
sanctions,1
exports,1
introduced,2
cashbased,1
increased,1
revenue,1
mobilized,2
coast,1
guard,2
negative,1
eliminated,1
settled,3
portion,1
suppliers,1
restored,2
pipeborne,1
lacking,2
reconstructed,2
rural,6
referral,1
hospitals,1
roads,1
bridges,1
training,2
throughout,10
pillars,1
integrity,1
decentralized,1
establishing,1
colleges,2
technical,3
sororities,1
programs,3
adolescent,1
youth,1
conditions,1
nevertheless,1
returnees,1
prisons,1
refugee,1
camps,1
skills,1
neighborhood,1
neighbors,2
narrowly,2
patiently,1
host,2
refugees,1
implementation,2
constrained,3
absorptive,1
funding,1
enhance,1
move,8
slower,1
desired,1
decay,1
corrupted,1
dishonesty,1
dependency,1
restoration,1
maintenance,1
exacerbated,1
wanton,1
sevenyearolds,1
guns,3
smile,1
wartorn,1
turmoil,1
dismay,1
fought,3
diversity,4
humbled,1
representing,1
expectations,2
continent,8
embraced,1
transformation,3
beacon,1
notable,1
exceptions,1
corrupt,1
iron,1
fists,1
continual,1
wallowing,1
ghanaian,1
barack,5
transform,2
brimming,1
persist,1
enter,1
accountable,3
scheduled,1
subsaharan,1
overthrows,1
stands,3
postelection,1
cte,2
divoire,2
niger,1
guinea,1
exemplary,1
oversaw,1
barracks,1
ecowas,1
nonincumbent,1
measured,1
totaling,1
africans,1
experiencing,1
exceptional,1
ghana,2
mozambique,1
mali,1
tanzania,1
cape,1
verde,1
botswana,1
burkina,1
faso,1
moving,5
dependence,1
extractive,1
industries,3
agriculture,1
consumer,1
brace,1
emblematic,1
purchasing,1
rains,1
engage,1
intelligently,1
instability,1
pushed,1
stubbornly,1
aims,2
proper,1
allocation,1
assistance,1
propels,1
middleincome,1
charts,1
southsouth,1
partnerships,1
brazil,1
nigeria,1
expansion,1
closer,2
renaissance,1
commodity,1
temporary,2
raw,1
exhaustible,1
moreover,1
shocks,1
transfer,1
products,1
rail,1
supply,3
geologists,1
marketers,1
stunted,1
resource,2
extraction,1
signs,1
producing,1
manufacturing,3
trading,2
cooperating,1
accountability,3
transparency,1
calling,5
card,3
donor,1
adjudicate,1
closeddoor,1
reelection,4
consensus,1
africas,3
select,1
peaceful,4
riven,1
rivalries,1
tribalism,4
nonetheless,1
cautious,2
anxieties,2
impressive,3
rebirth,1
reversible,1
decadeslong,1
resilience,1
unfolded,1
characteristics,1
swept,1
endless,1
possibilities,1
gradual,1
descent,1
militarism,1
sectarian,1
blessed,5
watch,2
ashes,1
consolidate,1
dividends,1
speeding,1
predictability,1
walls,10
identities,1
forged,1
retold,1
increasingly,1
vocal,1
governed,1
templates,1
overturned,1
internally,1
character,5
heretofore,1
asserting,1
tragic,1
traditional,4
cnncom,1
facebook,11
youtube,2
twitter,2
networking,1
sites,1
grandchildren,1
overall,1
instruments,1
quaint,1
hedge,1
funds,1
economies,1
adjusted,1
tunisian,1
inexorably,1
digital,2
heightened,1
correlation,1
preconditions,1
connectivity,1
friendster,1
succumbed,1
phases,1
chroniclers,1
announce,1
salvage,1
devastation,1
caused,2
advocate,1
rebounded,1
catalyzing,1
f,2
massachusetts,2
analyzed,1
intellectuals,1
disinterested,1
viewpoint,2
ballots,1
distinctive,1
icons,1
voters,1
illiterate,1
sloganeering,1
populism,1
launch,3
impacted,1
bringing,3
ocean,1
ellison,2
dismayed,1
correctives,1
motion,2
regeneration,1
attendee,1
dialect,1
electronically,1
opening,3
doors,1
realm,2
fiction,1
village,2
presidency,2
altered,2
represents,2
beat,7
score,1
november,1
strongest,1
contender,1
incumbent,1
win,4
relationship,3
secured,1
urge,5
deterred,2
females,1
ample,2
jaded,1
cynical,4
cynicism,2
beautiful,5
guaranteed,1
prison,3
persisted,1
indicates,1
appreciate,2
appreciation,1
scare,2
fulfilled,1
demands,2
bullish,1
characteristic,1
quests,1
accomplish,2
embrace,5
awaits,1
haven,1
uh,4
celebrated,2
bit,2
slept,2
mail,1
yale,3
worldliness,1
electric,1
soaked,1
grueling,1
goofing,1
acquiring,1
hobbies,1
exploiting,1
libraries,1
cafes,1
gained,2
owe,2
gratitude,3
wary,1
impart,3
theres,13
nineyearold,1
uncool,1
trepidation,1
buchwald,1
humorist,1
screw,1
green,1
slowest,1
recovery,1
worries,2
eleven,1
fearful,1
daily,3
hotter,1
sketch,1
perspective,1
profoundly,1
richest,3
geopolitical,1
geomilitary,1
competition,4
plot,1
data,7
seventy,2
preceding,2
ninety,1
steven,1
pinker,1
argues,1
flourish,1
robust,1
sixteen,1
doubled,1
eighty,1
thriving,1
flourishing,1
previously,2
unimaginable,3
slow,3
grow,2
sixtypercent,1
fast,3
estimates,1
reduced,1
reduction,1
chinese,1
expectancy,3
risen,3
everyday,2
exercising,2
babies,2
hygiene,1
medicine,2
atul,1
gawande,1
practicing,1
surgeon,3
magazine,1
tells,3
nineteenth,1
amputate,1
patients,3
leg,1
amputated,1
assistants,1
sepsis,1
onlooker,1
shock,2
procedure,1
fatality,1
cell,2
phones,1
pockets,2
computing,2
apollo,1
capsule,2
moon,3
tweet,1
moores,2
eighteen,1
costs,1
petering,1
arenas,1
genome,1
sequenced,1
customization,1
intersect,1
globally,1
fourfold,1
forty,2
sevenfold,1
favorite,5
representatives,2
managed,4
grant,1
counterparts,1
pork,1
barrel,1
spending,5
rooms,1
increasing,1
enrich,1
ennoble,1
dynamic,1
hosts,1
dominates,1
industrialized,1
demographically,1
drive,1
demographic,1
profile,1
complacency,1
troubles,1
depressions,1
dozens,2
matched,1
hn,1
virus,2
trajectory,1
viruses,1
conceivable,1
asian,1
flu,1
mexican,1
identified,1
practices,1
tracked,1
quarantined,1
vaccinated,1
fullscale,1
alert,1
catholic,1
sundays,1
soccer,1
fuss,1
wondered,3
overreacted,2
reacted,1
dealt,2
peak,1
production,1
fell,2
coordinated,1
usher,1
al,1
qaeda,1
cooperated,1
considerable,1
astounding,1
crises,1
easily,2
firms,1
constitute,1
betting,1
according,2
supposed,5
nanotechnology,1
bioengineering,1
havent,3
honestly,1
trends,1
rewarded,3
virtues,2
statues,3
anymore,2
weird,1
metal,1
modernist,1
sculptures,1
strange,3
doodads,1
hanging,1
ethics,1
instincts,1
stalking,1
favor,1
miles,3
godspeed,1
wow,2
honorans,1
carl,1
james,4
rothenberg,1
stephanie,1
wilson,2
bow,2
henry,1
lewis,4
hello,3
allowing,2
chapter,3
quantify,1
accompanies,1
mississippi,4
teary,2
milestone,1
inspiration,1
anybody,3
screwed,1
quad,2
master,2
doctor,2
necessarily,2
obsessive,1
personality,4
helps,1
admit,3
unexpectedly,1
fire,1
contest,1
nashville,1
tennessee,1
hair,2
entered,2
swimsuit,1
lady,2
barbara,9
walters,2
mouth,2
whoa,1
pushing,4
stayed,2
oprah,5
winfrey,3
slot,1
comfortable,1
recalculate,1
territory,2
break,4
initials,1
launching,1
outlet,1
proclaimed,1
venture,2
flop,3
usa,2
headline,1
stressed,1
frustrated,1
frankly,1
embarrassed,2
possibly,1
succeeding,1
shower,6
bag,1
oreos,1
hymn,2
stuck,2
hole,4
prouder,1
studied,2
nagy,2
ms,2
walk,8
decisively,2
stumble,3
constantly,3
averages,1
myth,1
icarus,1
spoon,1
feed,2
okay,10
mourn,1
heres,5
mistake,2
mistakes,8
internal,6
emotional,2
gps,3
competitive,1
employs,1
straighter,1
bullets,1
ceo,1
scientist,3
winners,1
pulitzer,2
prizes,3
rsum,2
collection,2
titles,1
inevitably,2
dharma,1
interviewed,1
girl,7
collect,2
pocket,1
herself,3
bucket,1
pennies,1
nickels,1
dimes,1
send,1
angel,6
kindness,2
hurricanes,1
rita,1
focused,2
shows,2
interviews,2
philanthropy,1
ventures,1
unites,1
redeeming,1
separates,2
isnt,8
clarity,1
illuminate,1
transcendent,1
angels,2
becomes,2
moore,1
interview,3
francine,3
wheeler,2
ben,1
sandy,1
hook,1
tragedy,2
gun,3
legislation,1
strengthen,1
checks,2
voted,2
refused,3
discouraged,1
broken,1
spirits,1
husband,4
demonize,2
vilify,1
minute,4
darkness,4
banished,2
polarized,1
paralyzed,2
selfinterested,1
pessimism,1
regurgitated,1
cable,1
channel,1
robbing,2
incompatible,1
citizenship,1
undocumented,2
reside,1
enforce,1
welcomed,2
huddled,1
masses,1
shores,1
parties,3
indigent,1
roof,2
heads,4
passionate,2
breaking,1
body,4
politic,1
impervious,1
attending,1
maya,1
angelou,1
analog,1
platform,1
tumblr,1
billions,2
seconds,1
detachment,1
disengagement,1
disappointed,1
dejected,1
repeat,2
turnout,1
finely,1
honed,1
radar,1
bs,3
spin,1
phoniness,1
artificial,2
nastiness,1
saturates,1
requires,7
authentic,2
honesty,1
denominator,2
divided,4
validated,1
shuts,2
heroes,2
housewives,1
perpetrators,1
beyonce,2
beyonceness,1
finishes,1
strangers,1
facetoface,1
speed,2
anonymity,1
somebody,2
elses,3
shoes,1
imperative,1
boy,4
massacred,1
friday,2
illuminates,1
beingness,1
cracked,1
laughing,2
gee,1
anxiety,1
hesitation,1
comfort,1
putting,1
credentials,1
disappointments,1
fulfill,1
truthful,1
max,1
lift,1
theologian,1
howard,1
thurman,1
michael,10
stolzenberg,2
fort,1
lauderdale,1
bacterial,1
infection,1
instant,1
quadruple,1
amputee,1
wheelchair,1
sorry,3
prosthetics,1
lacrosse,1
boston,9
marathon,2
bombing,1
amputees,3
banish,1
harris,3
mikeysruncom,1
scary,2
scared,1
collected,1
khadijah,2
williams,1
attended,1
garbage,1
bags,2
amongst,1
pimps,1
prostitutes,1
dealers,1
stores,1
walmart,1
bathe,1
smell,1
front,3
count,1
katie,1
exact,1
spot,2
omg,1
lets,12
theyve,1
exhausted,1
referring,1
exams,1
olympics,1
dance,1
booze,1
cruise,2
moonlight,1
seventh,1
football,1
mens,2
basketball,1
ncaa,1
tournament,1
squash,1
championship,1
whod,1
thunk,1
athletic,2
powerhouse,1
johns,3
hopkins,3
matriculated,1
bschool,1
stellar,1
anyway,1
noticed,1
elsies,1
sandwich,1
burrito,1
wursthaus,1
beer,1
sausage,1
artisanal,1
gastropub,1
heck,1
holyoke,1
smith,2
hate,4
walked,7
bloomberg,6
arrived,2
experiment,1
holding,1
freely,3
openly,1
mike,5
httpwwwmikebloombergcomnewsmikebloombergdeliversremarksatharvarduniversitysrdcommencementceremony,5
anothers,1
inseparable,1
sacred,2
holds,4
perpetually,1
tyrannical,1
tendencies,3
monarchs,1
mobs,1
majorities,1
lately,1
campuses,4
witnesses,2
trend,1
mosque,2
polls,1
twothirds,1
antidefamation,1
league,7
regarded,1
ardent,1
defender,1
rallies,1
demonstrations,1
denounced,1
developers,1
demanded,1
protected,3
cave,1
block,1
believers,2
worship,2
diametrically,1
opposed,2
protections,1
rests,2
april,1
threatening,1
godless,1
protects,2
philosophy,3
constant,1
vigilance,1
fiercely,1
marry,2
offend,1
immoral,1
unjust,1
attempting,3
restrict,2
injustice,1
deny,6
privileges,1
repression,2
appear,1
joe,1
mccarthy,2
repress,6
criminalize,1
sympathized,1
mccarthys,1
communism,1
upend,1
revolutions,1
ideology,5
chances,1
galileo,1
nelson,1
mandela,1
vclav,1
havel,1
ai,1
wei,2
pussy,1
riot,1
iran,1
repressing,3
conservative,4
antithetical,2
firstrate,1
scholarship,2
floating,1
scholars,3
conforms,1
censorship,5
modernday,1
mccarthyism,1
wing,2
liberals,3
endangered,1
ivy,5
commission,1
campaign,1
employees,1
ninetysix,1
disagreement,1
politburo,1
donors,2
statistic,1
endorsed,1
monopoly,1
candidate,1
exposed,4
ethnicity,2
homogenous,1
granting,1
conduct,2
afoul,1
societal,1
norms,3
conservatives,1
credibility,1
predictably,1
partisan,1
liberalism,1
forum,1
researching,1
debating,1
unpopular,2
requiring,1
conform,2
undermines,3
disturbing,1
withdraw,1
invitations,1
rescinded,1
shockingly,1
administrators,2
brandeis,1
haverford,1
rutgers,1
swarthmore,1
objectionable,1
outrage,1
thinks,1
twice,1
inviting,3
conformity,1
mortal,1
season,1
censored,1
commissioner,1
lecture,3
silence,3
mob,1
silencing,3
pedagogically,1
deprive,1
stuart,1
mills,1
passage,1
peculiar,1
posterity,1
dissent,1
continued,6
deprived,1
exchanging,1
error,2
livelier,1
collision,1
mill,1
horrified,2
opinions,2
campaigns,2
tenured,1
hypocrisy,1
northeast,1
bastion,1
selfprofessed,1
glad,1
caved,1
colorado,1
johnston,2
yesterday,1
rescind,1
ryan,3
encountered,1
explored,1
debated,1
weighing,1
prejudging,1
determining,1
ears,1
counter,3
emulate,1
barred,1
centers,1
placed,1
delayed,1
obamas,1
vivek,1
murthy,1
physician,1
gall,1
shootings,1
regularly,1
santa,1
malpractice,1
frightening,1
carolina,5
adopted,1
legislature,2
blocked,1
selection,1
mentioning,1
ideological,3
legislators,2
proof,2
woolly,3
mammoth,3
beasts,1
barricades,1
evolution,1
unwilling,1
skepticism,2
seeks,1
stubbornness,1
attitude,2
toward,3
abdicated,1
occurs,1
percentage,1
gdp,2
catch,3
surpass,1
flunking,1
gridlock,1
broker,1
dissertation,2
defense,1
defending,1
silent,1
complicit,2
crowd,2
lumps,1
arc,2
tonight,1
scorpion,1
bowl,1
kong,1
freer,1
bless,1
khurana,1
genuinely,1
primarily,1
leaked,1
wikileaks,1
release,3
hack,1
email,3
ghost,3
initial,2
blessedly,1
lucky,6
ferrell,1
hungover,1
freshly,1
insecure,2
worthiness,1
freshman,3
kindergarten,1
dumb,1
actress,2
apology,3
comedian,1
writer,6
diplomas,1
insecurities,2
inexperience,5
carve,1
defined,1
amusement,1
soontobe,1
watched,1
arcade,1
throwing,1
ball,1
jewish,2
skipped,1
imagining,2
aim,1
arm,1
concentration,1
tickets,1
crappy,2
toys,2
feeling,7
accomplishment,1
aspects,1
shaded,1
cent,1
sticky,1
stretchy,1
childs,1
nature,1
innate,1
false,6
idols,1
prestige,2
fame,1
recruited,1
coveted,1
bump,1
trope,1
fruits,1
trusted,1
contradiction,1
reconciled,2
instructive,3
trap,1
island,1
syosset,2
ooh,2
prada,1
flatironed,1
accent,1
connecticut,2
mimicked,1
florida,1
oranges,1
chocolate,1
cherries,1
m,1
starting,5
backpack,1
whiteout,1
hated,1
notebooks,1
yearbook,1
contestant,2
jeopardy,1
code,2
nerdiest,1
episode,1
staring,1
gotten,1
rigor,1
paper,3
alarmed,1
intimidated,1
calm,1
dalton,1
exeter,1
workload,1
pages,1
thesis,1
declare,2
intentions,1
articulate,1
frivolous,1
meaningful,8
concerned,1
inability,1
bernie,1
sanders,1
marco,1
rubio,1
cruz,1
hilary,1
clinton,1
seriousness,2
bearing,1
prophecy,1
shake,1
selfdoubt,1
neurobiology,1
hebrew,3
needless,1
sunday,1
burn,1
effigy,1
pagan,1
gods,1
grade,2
inflation,1
aleph,1
yod,1
yshua,1
mechanisms,1
neuroresponse,1
pop,2
magazines,1
matrix,1
seriousnesss,1
trophy,1
dubious,1
pose,1
halfimagined,1
mentors,3
acceptable,1
siting,1
films,6
reclaimed,1
curiosity,2
encouraged,1
flower,2
shadow,1
scarry,1
coslin,1
visual,1
cortex,1
activated,1
designer,1
wearing,1
fitness,1
makeup,1
tips,1
stupid,1
wood,1
paneled,1
halls,2
colorful,1
leaves,1
vanilla,1
toscaninis,1
overstuffed,1
library,3
chairs,1
dining,1
screaming,1
ah,1
romanticize,1
pills,1
depressive,1
missing,1
daylight,1
sophomore,2
crying,4
meetings,1
pull,2
bed,2
motto,3
jumbo,1
pack,2
sour,1
patch,1
feat,1
couple,4
tokyo,2
ate,1
sushi,3
restaurant,3
eat,1
fish,1
vegan,1
vegetables,1
dreamed,1
marveled,1
rice,2
explained,2
restaurants,1
dish,1
tempura,1
teriyaki,1
beautifully,1
pleasure,2
perfection,2
beauty,1
ethic,1
virtuosity,1
singular,1
enjoyment,1
appallingly,1
verbatim,1
portman,1
universally,1
tepid,1
critic,1
commercially,1
leon,1
releasing,1
initially,1
possibility,2
foremost,2
trophies,1
industry,1
reactions,2
predictors,1
works,4
legacy,1
glean,1
thoroughly,1
confused,1
producers,1
alike,1
gotyas,1
independent,11
prado,1
goya,1
spanish,1
inquisition,1
vendetta,1
studio,1
fighters,1
menachem,1
weather,4
highness,1
pothead,1
comedy,2
danny,1
mcbride,1
laughed,1
box,1
receipts,1
swan,4
dancers,2
technique,1
quirks,1
flaws,2
ballerina,3
balanced,1
technically,2
jump,1
authoring,1
darren,2
aronofsky,1
nina,1
artistically,1
finds,1
financially,1
receiving,1
accolades,1
artistic,2
portray,1
dancer,1
daring,1
oblivious,1
woefully,1
unprepared,2
wholeheartedly,1
cinema,1
doubles,1
limitations,2
filming,1
similarly,1
directed,2
eightyearold,1
costar,1
terrified,1
ignorances,1
directors,2
handle,1
surgery,1
movies,7
admittedly,1
drastic,1
professions,1
allows,1
realistic,1
thereof,1
realism,1
favors,1
diving,2
obliviousness,1
confident,1
decry,1
inflated,2
ego,1
asset,3
unconventional,1
violinist,1
compose,2
pieces,2
cluttered,1
forge,1
clumsy,1
fulfilling,2
sounding,1
interactions,1
finca,1
microfinance,1
communities,11
attend,1
secondary,1
kenya,1
tracking,1
gorilla,1
conservationists,1
clich,1
reminds,1
someones,2
feats,1
crew,1
lasting,1
nursed,1
heartaches,1
weddings,1
funerals,1
rocked,1
thrown,1
creating,4
friendship,1
toddling,1
haggard,1
disheveled,1
grab,2
pissed,1
tricking,1
remembering,1
sunny,1
frisbee,1
throwers,1
frigid,1
dwelling,1
farther,1
thinkers,1
abraham,2
joshua,1
heschel,1
choi,1
supportive,1
kvelling,1
congratulating,1
teens,1
studios,1
reenroll,1
father,7
insisting,1
fifties,1
reenrolled,1
cal,1
beach,1
paleontology,1
jurassic,3
units,1
characterdefining,4
awakens,1
rey,1
realizes,1
indiana,2
jones,1
pile,1
snakes,1
twohour,1
handful,1
string,1
trained,2
employers,1
creep,1
nilsson,1
song,1
talkin,1
echoes,1
audible,1
noticeable,1
paying,1
intuition,7
kicked,4
tandem,1
shouts,1
whispers,1
tuned,1
escapist,1
reflected,1
cared,2
celluloid,1
bubble,1
worldview,1
purple,1
imagined,2
shug,1
avery,1
wants,3
gut,1
characters,2
painful,2
lasts,2
innovators,1
motivators,1
caretakers,1
crichton,1
liked,1
leaf,1
tree,1
majors,1
shapenot,1
culturally,1
inundated,1
swarmed,1
grandparents,3
emigrated,1
bored,1
reallife,1
didactic,1
bonus,1
villains,1
literary,1
constructs,1
whisper,1
compelled,2
oskar,1
schindler,1
morals,1
swayed,1
convenience,1
expediency,1
sticking,2
courageous,2
charm,1
handed,1
tool,2
hes,7
widener,2
zero,1
cosmetic,1
introduce,1
familys,1
available,1
backup,1
clarence,1
inscribes,1
tad,1
unapologetically,1
sentimental,1
kate,1
heros,1
quiver,1
villain,1
vanquish,1
homophobia,1
hatred,5
kid,2
bullied,1
upsetting,1
tame,1
fading,1
embassy,1
shoah,1
survivors,2
testimonies,2
gathering,3
genocides,1
cambodia,1
armenia,1
nanking,1
inconceivable,1
atrocities,2
sox,1
fans,1
wired,1
rooting,1
darker,1
instinctively,2
genetically,1
divide,1
burning,1
hasnt,1
surging,1
islamophobias,1
discriminated,1
minorities,1
border,2
lgbt,1
gotta,1
repair,1
replace,1
yalies,1
peaceably,1
arent,3
loud,1
hollywoodworthy,1
backdrop,1
bears,1
souls,1
tread,1
conant,1
radiance,2
deeds,2
repaid,2
captain,1
miller,1
earn,1
contact,1
creates,2
devices,1
rows,1
emotion,1
mixed,1
discomfort,2
futures,1
actual,1
hollywoodstyle,1
outrun,1
t,2
rex,1
criminal,1
itll,1
ec,1
downstairs,1
swear,1
incredible,2
threw,3
tshirt,1
backwards,1
tag,1
kx,2
jin,1
priscilla,7
prank,1
facemash,3
pfoho,1
belltower,1
romantic,1
shes,1
lifelong,1
millennials,4
visited,2
nasa,1
janitor,3
carrying,1
broom,2
reliably,1
automation,2
eliminating,1
membership,2
depressed,2
void,1
juvenile,1
detention,1
opioid,1
addicts,1
somewhere,3
factory,1
workers,3
kirkland,1
nochs,1
joining,2
wed,1
startup,1
tore,1
tense,1
advisor,1
frayed,1
management,1
hardest,1
imposter,1
redefining,2
tens,1
replaced,1
selfdriving,1
trucks,1
volunteers,2
immunized,1
polio,1
hoover,1
dam,2
eureka,1
inadequate,1
prevents,1
seeds,1
math,1
formulas,1
crazy,1
blamed,1
upfront,1
initiative,2
criticized,2
generationdefining,1
destroy,2
installing,1
solar,1
curing,1
track,1
genomes,1
x,1
treating,1
sick,2
cures,1
fix,2
modernizing,1
online,1
personalizing,1
entrepreneurial,2
entrepreneurship,2
thrives,1
chat,1
players,1
halo,1
hurts,1
historic,2
overindexed,1
rewarding,1
shots,1
loans,1
entrepreneurs,1
pursued,1
cushion,2
expands,2
definition,1
metrics,1
affordable,1
childcare,1
focuses,1
locking,1
stigmatizing,1
keeps,1
continuous,1
chan,1
zuckerberg,1
promoting,1
charitable,1
donation,1
charity,1
shed,1
complained,1
targeted,1
dinner,1
baby,1
survey,1
defines,1
citizen,1
encompasses,1
bends,1
tribes,1
pandemics,1
unstable,1
inwards,1
authoritarianism,2
isolationism,1
nationalism,1
immigration,1
houses,1
sports,1
teams,1
churches,1
expand,1
horizons,1
declined,1
onequarter,1
agnes,2
igoye,1
whos,1
navigating,1
trains,1
enforcement,1
officers,1
kayla,2
oakley,1
niha,2
jain,1
nonprofit,1
connects,1
illnesses,1
razu,1
aznar,1
councilor,1
successfully,1
latin,1
francisco,1
breakfast,1
birthday,1
struggling,1
blown,1
calls,3
prayer,1
mi,1
shebeirach,1
sing,1
tuck,1
blessing,2
introduction,1
laughter,7
madam,2
heights,1
allinclusive,1
genius,1
sees,1
eisenhower,1
responding,1
cry,1
unity,1
foremothers,2
forefathers,2
randolph,1
boat,1
sidelines,1
cole,1
ana,1
goodman,1
nick,1
shrener,1
register,1
precious,1
noninstrument,1
plead,1
rescue,1
spaceship,1
cleaner,1
greener,1
unborn,1
smv,1
grew,2
alabama,4
farm,1
picking,1
cotton,1
peanuts,1
corn,1
falling,1
cheers,1
traveller,1
elementary,1
nonviolent,1
humane,1
breath,2
roll,3
sleeves,1
bodies,1
seated,1
greyhound,1
trailway,1
virginia,2
georgia,2
beaten,2
arrested,4
jailed,1
mate,1
gentleman,1
bloody,1
seatmate,1
klan,1
apologize,1
hugged,2
cried,5
nonviolence,1
lay,3
hath,1
heavy,1
admired,1
assassinated,1
indianapolis,1
campaigning,1
bobby,3
tears,1
headlight,1
taillight,1
montgomery,1
aunt,4
sineva,2
shotgun,4
dirt,2
brush,1
dogwood,1
branches,1
sweep,1
sisters,1
cousins,1
unbelievable,1
storm,1
blowing,1
thunder,3
rolling,1
lightning,3
flashing,1
blow,2
flash,2
tin,1
gloucester,1
guide,2
bacow,2
intensive,1
hermann,3
hesse,3
native,1
beginnings,3
dwells,1
guiding,1
completed,1
grips,1
gdr,1
dictatorship,1
oppressed,1
surveillance,2
dissidents,1
persecuted,1
flee,1
berlin,7
concrete,1
steel,1
caught,1
overcome,1
academy,1
apartment,1
frustrating,1
dissident,1
bang,1
impose,1
prohibitions,1
coercion,1
unleashed,1
poland,1
hungary,2
czecholsovakia,1
dared,1
streets,1
demonstrated,1
firsthand,1
dear,4
stone,1
inalterable,1
betrayal,1
victors,1
remained,1
irreconcilable,1
overcame,1
centuriesold,1
firmly,1
europeans,1
germans,1
demonstrates,1
wartime,1
ceremonies,1
transatlantic,1
lasted,1
protectionism,1
affects,1
facets,2
displacement,2
planets,1
resulting,1
humanly,1
selfcriticism,1
neutrality,1
tackle,1
unilateral,1
outward,1
isolationist,1
considerably,1
processing,1
copy,1
ibm,1
mainframe,1
manufactured,1
images,1
symptoms,1
diagnose,1
empathetic,1
robots,1
doctors,1
nurses,1
predict,1
applications,1
communicate,1
chancellor,2
dictating,1
prioritize,1
consumers,1
objects,1
inalienable,1
accordance,1
impulses,1
snap,1
truthfulness,1
discuss,2
maxim,1
normality,1
ignorance,2
narrowmindedness,2
skin,1
colors,1
preventing,1
envisioning,1
givens,1
hem,1
dictatorships,1
disappear,1
halt,1
warming,1
eradicate,1
starvation,1
eliminate,1
focusing,1
bundestag,1
republic,1
amidst,1
sixth,1
politician,1
tear,1
breathe,1
emergency,1
emphasizing,1
plainly,1
elemental,1
misinformation,1
disinformation,1
delusions,1
deceit,2
expertise,3
imperfect,1
testy,1
colonies,1
edition,1
governor,1
shut,2
fortunately,1
madison,2
championed,1
examining,1
absorbed,1
alien,1
sedition,2
adams,1
woodrow,1
nazi,1
imperial,1
emphasize,1
presss,1
guaranteeing,1
hugo,1
bare,1
secrets,2
evident,1
amid,1
columnist,2
shocking,1
priest,3
accused,2
abusing,1
lawsuit,1
alleged,1
cardinal,3
serial,1
abuse,5
repeatedly,1
reassign,1
parish,2
warning,1
archdiocese,1
baseless,1
reveal,3
sealed,1
journalists,10
investigation,1
prevailing,1
ministry,1
enabling,1
clergy,1
diocese,1
offenses,1
covering,2
practiced,1
thomas,1
doyle,3
vain,1
reverberate,1
enemy,1
ally,1
sorely,1
doyles,1
desk,1
reminder,1
wrongdoing,1
pioneer,1
lyrics,1
reprisal,1
acknowledge,1
crave,1
crush,1
worrisome,1
delegitimize,1
dehumanize,1
license,1
nearrecord,1
charge,1
unheard,2
turkey,1
list,3
turkish,1
extinguished,1
imposes,1
tightest,1
waged,1
nieman,1
andras,1
petho,1
investigative,1
turning,1
propaganda,2
hungarys,1
exploited,1
pandemic,1
inconvenient,1
escalate,1
fiveyear,1
spreading,1
supposedly,1
harassment,2
arrest,1
maria,1
ressa,1
onlineonly,1
battling,1
fronts,1
prosecution,1
bogus,1
ownership,1
posted,1
bail,1
myanmar,1
reuters,1
wa,1
kyaw,1
soe,1
oo,1
investigating,2
rohingya,1
jamal,1
khashoggi,1
saudi,3
arabias,1
consulate,1
istanbul,1
offense,1
sharply,1
murders,1
vengeance,1
colleagues,3
elizabeth,5
neuffer,1
correspondent,1
mentor,1
vivacious,1
iraqi,1
driver,1
traveling,1
abductions,1
instantly,1
translator,1
fearlessness,1
abuses,2
anthony,5
shadid,1
ramallah,1
jerusalem,1
escaped,1
recovered,1
egypt,1
harassed,1
libya,1
detained,1
progovernment,1
militias,1
abused,1
syria,1
apparently,1
asthma,1
reporters,1
photographers,1
videographers,1
frontline,2
presentday,1
eyewitnesses,1
veritas,2
wields,1
speaks,1
loudest,1
enlightenment,1
derives,1
factual,1
rely,2
acutely,1
jeopardized,1
wishful,1
invented,1
devalued,1
systematic,1
disqualify,1
arbiters,1
tops,1
populate,1
historians,1
mocked,1
dedication,1
vigorous,1
headed,1
soulmates,1
selfish,1
nihilistic,1
conclude,1
regardless,1
entering,1
hannah,1
arendt,1
origins,1
gigantic,1
monstrous,1
falsehoods,1
unquestioned,1
falsehood,1
cease,2
cleverness,1
infinite,1
repetition,1
renowned,1
thinker,1
walter,2
lippmann,3
harbored,1
asserts,1
defects,1
overly,1
aftermath,1
hurricane,2
andrew,1
miami,1
herald,1
lax,1
zoning,1
inspection,1
codes,1
contributed,1
charleston,1
gazettemail,1
opioids,1
flooded,1
contributing,1
louisianas,1
reliable,1
residents,1
shameful,1
mistreatment,1
veterans,1
reed,1
corrective,1
documented,1
slave,1
seafood,1
slaves,1
freed,1
sexual,1
predators,1
elite,1
boardrooms,1
revealing,1
countless,1
scandal,1
resignation,1
searched,1
undeterred,1
pushback,1
vilification,1
reckoning,1
preamble,1
patriotism,1
w,1
e,1
du,2
bois,2
cautioned,1
falsification,1
relating,1
distressed,1
deceitfully,1
reconstruction,1
assail,1
stagger,1
hideous,1
frightful,1
wrongs,1
ascertainable,1
shares,1
arduous,1
tortuous,1
honoring,1
